{"cameraMode":{"drawMode":0,"name":"Shaded","section":"Shading Mode"},"sceneLighting":false,"audioPlay":false,"sceneViewState":{"showFog":true,"showMaterialUpdate":false,"showSkybox":true,"showFlares":true,"showImageEffects":true,"showParticleSystems":true},"in2DMode":false,"pivot":{"x":2.7960000038146974,"y":1.6009234189987183,"z":-0.5952981114387512},"rotation":{"x":0.17617130279541017,"y":0.5895733833312988,"z":-0.13370949029922486,"w":0.776845395565033},"size":1.9985018968582154,"orthographic":false}